createdAt,author,uri,text,query,is_extremist,score
,alvarosantos78.bsky.social,at://did:plc:foaoen4theocjhsefevk3y3v/app.bsky.feed.post/3lvyjuh33fk2q,"Probably. He never intended to hurt ruSSia, it was all just for show, and to divert some attention from his pedo-files.

If confirmed, it will be a colossal mistake that Europe will have to pay for in the near future. Well deserved if you ask me, for being such ussies over these 3.5 years.",he deserved,True,5
,someoneelse-fella.bsky.social,at://did:plc:4g6xy3zei7ych3qn5xlz6afi/app.bsky.feed.post/3lx3bybcnzc2w,I hope he is dead. Well deserved.,he deserved,True,3
,legojames.bsky.social,at://did:plc:g2ul72lqlekj6rrvreojsak2/app.bsky.feed.post/3lyjkwezr322o,Are you suggesting that he deserved it?,he deserved,True,5
,cybrpnkvalksg1rl.bsky.social,at://did:plc:2eghpaiaauywh5zefklbxwlg/app.bsky.feed.post/3lyjb7kqkzk2j,"No, the ones who are telling us to be respectful and that violence is not the answer are the ones doing the damage. Kirk spent decades inciting violence. He was a Nazi and got what he deserved.",he deserved,True,5
,donatelloesq.bsky.social,at://did:plc:vjymlw4ibdmgrswhjkhznt65/app.bsky.feed.post/3lyjfvevt5r2k,watching the fucker get what he deserved was extremely satisfying.,he deserved,True,5
,papillondore20.bsky.social,at://did:plc:r7kcxbgzbdyjybk5ah6i5brq/app.bsky.feed.post/3lv2peav5gc2a,"Yes, he did. Great character. I just wish Randle had succeeded in finishing off Nurse Ratched- she was pure evil. Louise Fletcher's portrayal was outstanding and she deserved that Oscar.‚ù§Ô∏èü©µüíúüé∂",he deserved,True,5
,sascrotch.bsky.social,at://did:plc:bnuxadqjzusq6udwlfki37gq/app.bsky.feed.post/3lwfbm3t35k2a,Even if he deserved it they shouldn‚Äôt give it to him just to see how pissed he gets,he deserved,True,5
,whadevs.bsky.social,at://did:plc:hkqw3om5zbc45tsaq6o6772v/app.bsky.feed.post/3lv6rk6jygk2l,That‚Äôs because he feels she deserved the damage caused to her because she left him - the other damages caused to her,he deserved,True,5
,steelraging.bsky.social,at://did:plc:ath6knc2j6ov3rjhnqntvc5q/app.bsky.feed.post/3ly3nd3grps2e,"Why does the trump thing exist.... 
Because of the lack of personal consequences.
The first time he fucked a kid, the kids father should have killed him as deserved... then we wouldn't have a pedophile as pres.",he deserved,True,5
,riverodder.bsky.social,at://did:plc:vjol5w5zfsf6qfgyvqoitxrg/app.bsky.feed.post/3lvcncsk7z223,"I hope he got what he deserved, and I wish that more people would.",he deserved,True,5
,therealjessecoffey.bsky.social,at://did:plc:u3a5i6ehwv4suxf3b63po2xk/app.bsky.feed.post/3lyqqnptlu32t,"A Reuters review of the screenshots and comments posted to the site shows that some of those featured joked about or celebrated Kirk's death. One was quoted as saying, ""He got what he deserved"" and others were quoted providing variations on ""karma's a bitch.""",he deserved,True,5
,blackonlypie.bsky.social,at://did:plc:uy35zqqlnpb7yd2u7e7eq7p6/app.bsky.feed.post/3lyjk7bs6kk2m,Girl bye‚Ä¶ Charlie Kirk deserved it,deserved it,True,5
,purelysubjective.bsky.social,at://did:plc:mv4iyowjb7wsw5l7njaynpqt/app.bsky.feed.post/3lv7xpfufwc2o,"My favourite kind of character is ‚Äúdude there to just do their job and go home‚Äù and frankly Bright Noa is one of the best examples of that. He slaps a lot of people, but frankly every one of those is well deserved and this man needs long service leave",he deserved,True,5
,poodlesrock.bsky.social,at://did:plc:e2llzcakxypx3onc2m6da4be/app.bsky.feed.post/3lvydsb4rek2m,He would probably think he deserved the Nobel that the scientists who pioneered mRNA research received.,he deserved,True,5
,rawmlb.bsky.social,at://did:plc:lgxwokjfnegutejxknkdpqwj/app.bsky.feed.post/3lxy2et2atv2b,"How Rockies‚Äô Brenton Doyle turned season around with brilliant August

https://www.rawchili.com/mlb/290962/

When Brenton Doyle provided a Coors Field classic with the grand finale it deserved, he also hard-launched his‚Ä¶",he deserved,True,5
,blackopium.bsky.social,at://did:plc:vxgtqlalsabyov7stotmfn2b/app.bsky.feed.post/3lynvccfoqk23,As you should and as he deserved this ü•∞,he deserved,True,5
,ilikecheeseandmilk.bsky.social,at://did:plc:32um3ycbee62ni3xutszvfkp/app.bsky.feed.post/3lylnb5eo622i,I'm not saying he deserved to be killed either.  But he was a piece of shit and doesn't have my sympathy.,he deserved,True,5
,drakepliskin.bsky.social,at://did:plc:zicxkbpqicoam6ykoie2hf67/app.bsky.feed.post/3ly2jl2phtc2o,"C'mon @bsky.app this is sad. I've followed this man for years, he gets so much grief for being Jewish & a TV personality in the toxic world of video games. If a human reviewed this, rather than an algorithm, they would see his detractors are the problem not his responses, those are well deserved.",he deserved,True,5
,jessicaperthwa.bsky.social,at://did:plc:q5qu5sjtn44e7mpyri2qyugv/app.bsky.feed.post/3luyzioxges2m,"Dad got dropped for a Final as his firm had dropped, the brothers told dad they'd strike unless he got his place back. Dad thanked them but said ""Just play and make sure we win, I deserved to be dropped on form""",he deserved,True,5
,hotcheetoasmr.bsky.social,at://did:plc:ke23upyojofa73wk54kdribs/app.bsky.feed.post/3lyjnbws37c2l,"I'm not defending anyone or sympathizing cus ppl like him don't deserve that, but as a fellow human, it does leave a bitter feeling in me to see human suffering, and this goes for a lot of things I've seen. I don't have vengeance, nor wrath, seeing that was not gratifying, even if it felt deserved",deserved it,True,5
,threephasebandit.bsky.social,at://did:plc:2krcg2gm7mvvpdne5jwaig27/app.bsky.feed.post/3lyix5enfz22e,"Almost certainly the first based on a close up video I saw on Reddit. Seemed like it was quick at least, not that he deserved quick and painless.",he deserved,True,5
,joey-poey.bsky.social,at://did:plc:mpkt2dpt4vflp5ljquvnbvzm/app.bsky.feed.post/3lyj3pvf5ik2x,"the downside is a shit like him deserved to suffer instead of an instagib. Ah well, can't have it all I guess",deserved it,True,5
,anime-sausages.bsky.social,at://did:plc:xj4f5pj4xlw7wpwugxrwqcng/app.bsky.feed.post/3lvuatpdink22,Like look at him he is so cuteüò≠üò≠ he deserved sm better i am unwell,he deserved,True,3
,oobleckvibe.bsky.social,at://did:plc:bn4gzlejjldtgrf65cac2arz/app.bsky.feed.post/3ly26si6jss2u,"Young thug deserved longer jail time, he deserves all the hate & he deserves all the suffering. May he never find any peace or joy üôèüèΩ",he deserved,True,5
,johnnieburdette.bsky.social,at://did:plc:c3tv3sg4egeut4eq36zykz5d/app.bsky.feed.post/3lylarrslqs2l,"In a nutshell, Kirk got what he deserved.

He was an advocate for guns and violence.

The manner of his demise is fitting.",he deserved,True,5
,jcmcbuff.bsky.social,at://did:plc:qbbljc4pxlvb2u2tcupf6mte/app.bsky.feed.post/3lvxx5gdai22x,Every time I watch these film I have a rant about how Sean Astin was robbed - he deserved all the awards for his performance as Sam. It‚Äôs so beautiful. Also yes he‚Äôs such a cutie. ü•∞,he deserved,True,5
,legal-alien-nyc.bsky.social,at://did:plc:cwlp6htgeyza6hlatwwlvfwc/app.bsky.feed.post/3lyl43bcutk23,"I am absolutely sure, the car he shot was a radical left EV and deserved every bullet",he deserved,True,3
,xnanobunx.bsky.social,at://did:plc:wknjbcypp5za5ln2visavopz/app.bsky.feed.post/3lwkgt3a6oc2z,"My updated Ursaraptor got approved too, he deserved art that look more polished and closer to the proportions of the official design sheet . Tikal could not ask for a better adventure partner, mount and best friend uvu

#art #griffia",he deserved,True,5
,realkevbrady.bsky.social,at://did:plc:px3sv4uh3v2mdmritpo73mxr/app.bsky.feed.post/3lyjpahylms2t,"Murder is wrong but I'm not going to sit here and pretend to feel bad that a wannabe Rush Limbaugh Hitler youth piece of garbage is dead. He lacked empathy for plenty of people who deserved it, I have none for him.",he deserved,True,5
,imindanger.bsky.social,at://did:plc:pfqj3ep56yiedwtahhgukcws/app.bsky.feed.post/3lvuq26q6d22p,"methinks being screwed over by his awful family as well as shartman for years influenced him for the worse sadly

but hopefully! he really deserved that beatdown after trying to insult her for no reason but he still has somewhat of a support group like when kyle had to step in and say that's not him",he deserved,True,5
,houfek.bsky.social,at://did:plc:ksewki6hptwg3ddwkviq2qqz/app.bsky.feed.post/3lvejmk4kec2s,"He totally would have deserved the ""Dark Brandon"" moniker if he had though.",he deserved,True,5
,gleanniucha.bsky.social,at://did:plc:xctwfqnm5djl3dc2kl6hnb5r/app.bsky.feed.post/3lwrp7ucg7c2t,"In interview extracts comes across as a sweet & kind man who cared deeply about his work.

I feel he had a child‚Äôs eye. Never delivered down to audience, he felt deserved best.

Knew of his name before explosion of internet.

He was one of the APF ‚ÄúUncles‚Äù entertained me as a child and still does.",he deserved,True,5
,pupwood.bsky.social,at://did:plc:w6uwiwugqygqomfbbxyg3aoh/app.bsky.feed.post/3lyj5lmirxk2a,Mf got what he deserved :),he deserved,True,5
,eric2718.bsky.social,at://did:plc:ghh2d63ffy3xnltyvorleuon/app.bsky.feed.post/3lylltbsyq22k,Very few people are saying that he deserved to be killed. They are pointing out his utter hypocrisy in being very accepting of OTHER people being killed by guns.,he deserved,True,5
,koblbird.bsky.social,at://did:plc:rkvg5q2uxd3qoyp2k6gq4na2/app.bsky.feed.post/3lyj2cs3pvk2d,"Today is a great day to not live in America. So I am gonna say it.
He deserved it.",he deserved,True,3
,mrshunger.bsky.social,at://did:plc:w5qexixn6vozsdt3i6azosxe/app.bsky.feed.post/3lxs7tkpges2h,Well he is the cutest silly little guy so it's well deserved,he deserved,True,3
,sheemlantern.bsky.social,at://did:plc:wizlbwd3gn325aisgldal7wl/app.bsky.feed.post/3lyjaocww422s,I'm not a fan of Kirk at all. He deserved that shit 110%. Fuck that nigga and his family.,he deserved,True,5
,hellishchildren.bsky.social,at://did:plc:yfer2dpsn5ywbemzlwiywtjx/app.bsky.feed.post/3ly2se5bt6s24,"Remember when they awarded the Oversight Committee seat to the man with cancer because he'd been in the game a long time and ""deserved it""? More than we deserved having a fighter in that seat when we needed them badly?

Yeah...",deserved it,True,5
,jaredwaynegifford.bsky.social,at://did:plc:dw3zigku735ligfepzlgcumj/app.bsky.feed.post/3lypg4mhmpk2q,"To be clear I never condone violence, and I don't believe he deserved to die.
However that being said, it's because of his absolutely deplorable stances that I will not shed a tear for him.",he deserved,True,5
,sconniewest.bsky.social,at://did:plc:ix5fhijxu57jdzud6u2kjnzp/app.bsky.feed.post/3ly2knvf4k22o,I mean he tackled the guy at the line of scrimmage on 1st down in the first half when you‚Äôre losing and stood over him like a kill in mortal kombat‚Ä¶ I do think he deserved that flag,he deserved,True,5
,theautisticart.bsky.social,at://did:plc:3wcgg7vpmac3vrmbtzulvmya/app.bsky.feed.post/3lyjouohso226,"Charlie Kirk said that every Palestinian, including the women and children deserved to die

Charlie Kirk said innocent kids being killed in school shootings was ""worth it"" to protect gun rights.

Let me put this as delicately as I can:

I! Don't! Care! About! Kirk!",deserved it,True,5
,ninjamarion.bsky.social,at://did:plc:lu2xwmqctphnnzwr3hcao7lv/app.bsky.feed.post/3lyltibr2f22x,"Yeah. I've seen so many people arguing ""So he deserved to die because of words?""

Dude called for others to stone queers to death. The only reason he didn't act on it himself is because he was too much of a chickenshit diaper bitch to do so. They same reason he bussed *others* to DC on January 6th.",he deserved,True,3
,thesaltyinkslinger.bsky.social,at://did:plc:ka4gzy6zksuuozn7txe2ek5w/app.bsky.feed.post/3lw62lvkw7k2e,He deserved all he had to endure.,he deserved,True,5
,actualprogressive.bsky.social,at://did:plc:3uppyojwiyev5vfseyuxiuau/app.bsky.feed.post/3lyj2uuhykc22,Kirk deserved it Michael you don‚Äôt have to feel bad about believing that.,deserved it,True,5
,lumeriadeborel.bsky.social,at://did:plc:624robwn23gefqiebs75fwv6/app.bsky.feed.post/3lx4vkqqkvk2i,He deserved it XD,he deserved,True,3
,simeonthefool.bsky.social,at://did:plc:uvc55lxzlfeh3epdherak5g3/app.bsky.feed.post/3lxx6nsweys2e,"There was a boy called Ishmael, and he almost deserved it.

#WrongNovelOpenings",he deserved,True,3
,matthewclaxton.bsky.social,at://did:plc:5pidez75mcb2kzxitr2gncuj/app.bsky.feed.post/3lwjl25lqos2q,"If GRRM wanted to spend his time getting his proud, brilliant friend payed a fraction of what he deserved, instead of finishing his own series, I'm completely in favour of that.",he deserved,True,5
,sammyhicks.bsky.social,at://did:plc:bvkhltlq7ip44qmbblaseckz/app.bsky.feed.post/3lyl4me5lt22k,So he deserved to die die to his political opinions?,he deserved,True,3
,craftyme25.bsky.social,at://did:plc:gkwuy7vtgwd4mor7zh7duhnn/app.bsky.feed.post/3lykws4ejhk2z,This tragedy deserved more attention. We barely heard any news about the life of this officer and the family he left behind. Barely any follow up news once this story quickly disappeared from the headlines.,he deserved,True,3
,fatewoven.bsky.social,at://did:plc:di5opflhfpw2ckqs53ypbxgs/app.bsky.feed.post/3lyj4oz4ndc2a,Charlie Kirk got what he deserved. May he be the first of many. ü•Ç,he deserved,True,5
,aetherclaw.bsky.social,at://did:plc:fajdu6ndzagdhyt3ur6zehgx/app.bsky.feed.post/3lyjgwfdsnk2t,"i use to know a guy in my local punk scene who'd jump & beat people up just for fun, but the moment people started jumping him he acted like he was such a victim. though if he beat people up just for fun i'd say he deserved it. 

a lot of this Charlie Kirk thing reminds me of that.",he deserved,True,5
,barrettgorman.bsky.social,at://did:plc:h4kwv3f5e6w7ejuj256kw5cc/app.bsky.feed.post/3lyhbkvlmi22g,"Ashli Babbitt was in way over her head on J6 and she was part of the insurrection at the capitol.  She deserved what she got. She's no hero, but Trump wants to pay her family off and treat her as a hero so that he can convince others to join his army when he tries to take us all down.",he deserved,True,5
,ttvmadamenoelle.bsky.social,at://did:plc:jcqngx7z6pqkfm4hybnebdpc/app.bsky.feed.post/3lynm3yjqfk2a,"His entire twitter page is like charlie kirk maga hat posts retweets complaining about people making clothing that makes fun of the event and asking roblox to ban people in game for wearing or making such items, or for saying he deserved it (he did).",he deserved,True,5
,jessadee.bsky.social,at://did:plc:44rylhpfnh3gmyqa276t624v/app.bsky.feed.post/3lvaf5v236c2h,"The clock is running out on the backing of the US. Once that happens the nasty little bully will have to face all the kids whose lunch money he stole for 70 years without big brother to save him. 

A solid working class punch in the nose has never been more deserved",he deserved,True,5
,hsmccann.bsky.social,at://did:plc:rqhfzvfwbeqywv46jx6w6fxp/app.bsky.feed.post/3lyjfrn7dhk2q,"For me the crazy-making thing is all my fellow Jews on the various sites valorizing him even though he was an antisemitic great replacement advocate because he thought anyone who criticized Israel deserved summary ‚Äújustice‚Äù, a position he held because it was contra leftists/arabs/muslims",he deserved,True,5
,ianeaux.bsky.social,at://did:plc:k5a7atcjtivw24auitlxzqgl/app.bsky.feed.post/3lx6xbajc7c2k,"Yep. It's not that I don't think Moose deserved the card, I just don't really care that he did it. Fuck that ref. Red cards are all too frequently the results of refs who mismanaged a match and allowed it to spiral out of control. Ignoring the downstream effects of that is naive, if not dishonest",he deserved,True,5
,shieon.xyz,at://did:plc:ippqks6wxtsyzmnakfm7kbtc/app.bsky.feed.post/3lyrwyg35q22a,Yeah he deserved the bullet. ‚úåÔ∏è‚úåÔ∏è‚úåÔ∏è,he deserved,True,3
,iamsammi.bsky.social,at://did:plc:gjvqmtdtqeisjfi664ixj347/app.bsky.feed.post/3lyllh3kwks2a,"I have not seen one single post suggesting that Charlie Kirk deserved what he got!
It is Steven Miller's ideology that caused Charlie Kirk to be killed, unless of course...",he deserved,True,5
,whodith.bsky.social,at://did:plc:lskd4hpyg63pf2oezv74yazf/app.bsky.feed.post/3lykvvw3uns2b,"Fuck Kirk
He deserved it every single bit",he deserved,True,3
,partoftheproblem.bsky.social,at://did:plc:afbb7wuxzwasgaehraxh22zo/app.bsky.feed.post/3lypqmh3ze22b,"Lol nowhere in that video did he say Kirk deserved to be murdered, all he did was talk about who Kirk was.",he deserved,True,5
,aryagreenleaf.bsky.social,at://did:plc:g5r4rlas4g7iatyocbpibg6o/app.bsky.feed.post/3lxzjd5ewz22x,"I'm watching yellowjackets s3 and idk.

I think that coach should have made it home. I feel like if anyone *deserved* to make it home, it was him.

And I don't really think it serves the story or the characters to have killed him. He'd be more effective as a threat in the present day.",deserved it,True,5
,paulcady.bsky.social,at://did:plc:wozmk7n6xkpzrxy4hq5l73rr/app.bsky.feed.post/3lwc3wvf7kc2h,There was no attempt at a car jacking. He probably said some racist shit and got a beating he deserved.,he deserved,True,3
,darthdzl.bsky.social,at://did:plc:noj5ykohvkiab44okvweyafa/app.bsky.feed.post/3lyk54nqjkk2c,"He did. And he was 100% wrong to do so. Maybe some people would say he deserved to be murdered.

But it still isn't right. Political violence is wrong, period. And his advocacy of it doesn't change that.",he deserved,True,5
,blacktonystark.bsky.social,at://did:plc:ppoqvgbs4mch5hdeodvrigja/app.bsky.feed.post/3lvh72qesi22y,"What a pathetic old loser. 

See, the problem is that he never got the shit kicked out of him when it was age appropriate to do so, and now he‚Äôs so old the optics of giving him his well deserved ass kicking just doesn‚Äôt work.",he deserved,True,5
,initiale-mil.bsky.social,at://did:plc:h5dytgf2cjfojyfrqq5eq23t/app.bsky.feed.post/3lv73hct55s2a,His fights fun so he and his murder cult deserved every W.,he deserved,True,3
,hp28.bsky.social,at://did:plc:yyw6u34n6htuyhj7mzc7mbdk/app.bsky.feed.post/3lxlsl3nrns22,"now now if you take away the fact that he's emotionally incapable of showing basically any substantial affection at all and that he was missing for the first 10 years of their marriage, you could maybe count it as a loving relationship

(jesus christ she deserved so much better..........)",he deserved,True,5
,rsthomas42.bsky.social,at://did:plc:gea6uygmonozq3wl4jy3cg6s/app.bsky.feed.post/3lxo5qb2j222j,"Like a lot of people, I wasn't sold on him to begin with, but the man earned my respect. He governed like the most progressive President in my lifetime. He deserved another term and so did we.",he deserved,True,3
,allantanderson.bsky.social,at://did:plc:vtoifwlf5krv5pud4zbl5ftd/app.bsky.feed.post/3lykxgoxnr222,And if there‚Äôs repeating people like Charlie Kirk encouraged the rhetoric that polarized divided people and found the flames of a culture war that made that new reality possible.  He had the day he deserved,he deserved,True,5
,preachypreach.bsky.social,at://did:plc:g5vb4ggu7lf22b52qqvb2bqc/app.bsky.feed.post/3lxleaj3d2k2n,"Ouch, a man who never quite got the recognition he deserved.",he deserved,True,3
,grace28.bsky.social,at://did:plc:z3ktpan7pghyevlv7u4jofs5/app.bsky.feed.post/3lw7gd2kgds22,"In a solidly DEEP, RED District,  he gets deserved boos and acrimony from his constituents.  

FUCK DOUG LAMALFA",he deserved,True,3
,carmen-m0n0xide.bsky.social,at://did:plc:ogjrmtdlbfvigqf5o4yc2vpa/app.bsky.feed.post/3lwnmphwdgk2f,"I'm so so sorry ü´Çü´Çü´Ç

And fuck that horrible monster, report him if/when you feel up to it. You deserved so much better",deserved it,True,5
,outdoors27.bsky.social,at://did:plc:r4eykay2kbdafopcetm2uekp/app.bsky.feed.post/3lxyhfrzyi22p," Question, does Rho Khanna now believe that George Floyd wasn't murded by Chauvin as we all saw with our own eyes or does he believe MTG was right that Floyd was a drug addicted, out of control, lunatic that got what he deserved. MTG doesn't stand for victims, she stands for what's best for her.",he deserved,True,5
,imgonnasayitnow.bsky.social,at://did:plc:morh4zsffydmdytmpgsasvgo/app.bsky.feed.post/3lxw43emkfs2q,"well since you decided to tell the class that you‚Äôve fucked a trans person, I‚Äôll go ahead and let you know that I‚Äôve been in a committed relationship with a trans person for eight years. but congratulations on your lay, I hope he knows he deserved better",he deserved,True,5
,sockynoob.bsky.social,at://did:plc:sumljnf5753zssqvatmnrpvs/app.bsky.feed.post/3lxqlx5acls23,"George Lazenby deserved much better than having a single Bond film. Granted it's an amazing film, but still. I think he might be the best Bond out there.",he deserved,True,5
,eastoflavfx.com,at://did:plc:bd36p2hked6htneuxckugyix/app.bsky.feed.post/3lyo3h2al6c2d,"He kinda deserved it, carrying that sign.",he deserved,True,5
,screamingmad888.bsky.social,at://did:plc:pnfr3nphatx2kuttkrdcakc6/app.bsky.feed.post/3lyj4sjvsik2s,He got what he deserved.,he deserved,True,5
,saphie.vtubers.social,at://did:plc:sim376i3yksu7kvxnp33wvqg/app.bsky.feed.post/3lx5vsnpxbk2n,Anyway just your reminder that @leoorwhatever.bsky.social is a fucking blessing on earth and that he deserved so much better than so many of the people he was around. I love him so fucking dearly...,he deserved,True,5
,molaw.bsky.social,at://did:plc:tuqwruzonsezi2pay3rkmhmj/app.bsky.feed.post/3lyhayopefs2q,"I feel like there are way more sociopaths and psychopaths working for this administration than I realized.

Also, anyone who says ""he got what he deserved for being an illegal"" probably contributes less to society than all the amazing immigrants. Good luck with karma.",he deserved,True,5
,portents-n-potions.bsky.social,at://did:plc:qditdfpgyvnyvzivjh2p75z2/app.bsky.feed.post/3lyizmv3ksc2h,"Do I applaud political violence NO!  Am I surprised by it?  Nope.  Do I think that Kirk deserved this?  Of course not!  Do I think that he sowed these seeds of violence?  Yes.  yes I do.  Some call it Karma.  Some call it the principle of reaping what you sow.  I call it, Common Sense!",he deserved,True,5
,danielbd.bsky.social,at://did:plc:grfujvxnhx3rk6kmtlp77g3n/app.bsky.feed.post/3lynhfp57yk2d,"Found the new leader for the Democratic Party!
Kirk didn‚Äôt get what he deserved or what he asked for.
As I posted yesterday Kirk reaped what he had sown.
If you sow hatred it will grow all around you.",he deserved,True,5
,inkyblackfire.bsky.social,at://did:plc:4nlltsbxpaccq75nwr3p6lih/app.bsky.feed.post/3lvoco2xg622y,"No, I actually agree with you, I was just kidding (kinda, sorta, I really think he deserved the greying temples). I don't see much difference between his concept art and ingame appearance and people like to act like it was a thing - and also implying the 3d model is unatractive somehow.",he deserved,True,3
,spexxy.bsky.social,at://did:plc:xtcek5cgw6njop2dhqcnhmno/app.bsky.feed.post/3lymtqyfdcs25,"And I'm sick of hearing that he was in favour of gun ownership in the US, so he somehow deserved it.

Because that take is total and utter bollocks to be honest!

The one thing that he wasn't afraid of was debate, which he could often back up with some sort of logic most of the time.",he deserved,True,5
,pet-mom.bsky.social,at://did:plc:xzlp2wmmdjjped3a4q4td5cw/app.bsky.feed.post/3lyklgv3ags25,"""Did Charlie Kirk deserve to die?
No, nobody deserves to die. Charlie Kirk didn‚Äôt get what he deserved.
He got what he actively promoted."" -- Jessica Wildfire 
www.the-sentinel-intelligence.com/p/it-didnt-h...",he deserved,True,5
,thegreenwichian.bsky.social,at://did:plc:xihtmsqocgs5kpwnknfid5vu/app.bsky.feed.post/3lymuledsds2b,"No, it was well deserved. His hate has no doubt already let to innocent deaths.

He wasn't innocent. He was a monster.",he deserved,True,5
,kerryreid.bsky.social,at://did:plc:w2nocvif23khx3izfevdvsio/app.bsky.feed.post/3lyk3423bhs2h,Where did this guy ever suggest to you that he thought that trans Marxists of color deserved a place in the marketplace of ideas?,he deserved,True,5
,thingsweresaid.bsky.social,at://did:plc:pgok7we4lzueas2ne3r26bcf/app.bsky.feed.post/3lyjeqanajk2o,"People coming out as centrists? On MY skyline? Oh, hunty, the mental gymnastics on your moral high horse are not the slay you think they are. The man got what he deserved. That's it.",he deserved,True,5
,mattcramer.bsky.social,at://did:plc:hcdmydrvq7f3gd3w2k2n4ui5/app.bsky.feed.post/3lyl7vntlfc2f,"That‚Äôs literally true ‚Äî he came up with the voice and mannerisms of the aliens, all the other actors were copying him! Deserved a Best Supporting Actor nom",he deserved,True,5
,webrianna.bsky.social,at://did:plc:erwj4swi5pdkqqzntltzrxhm/app.bsky.feed.post/3lykpus6u2c2c,Joffrey deserved more punishment than what he was given too!! He needed to be gutted for sure!!,he deserved,True,5
,rosebud04.bsky.social,at://did:plc:hp3uypf7lym2lbabhnbnpfbu/app.bsky.feed.post/3lyjnlmcudc2p,"Got what he deserved, much like the Doctor.  #TCMParty",he deserved,True,5
,martyrye62.bsky.social,at://did:plc:eonenghyqdyys3nqqybcvuqq/app.bsky.feed.post/3lwhlgdlsqc2b,"Written, directed, & performed in one take by the great man.
A man of intelligence, compassion & integrity.
Sadly exiled by McArthur but hey ho he lived out his exile in Switzerland so not exactly a punishment more a well deserved civilised retirement from fighting a far right-wing fascist society.",he deserved,True,3
,blueeclipse0395.bsky.social,at://did:plc:f2ublhc7alcocxqenbrtw7bt/app.bsky.feed.post/3lxcpwaj4fc2f,"Yeah, he deserved to get punched here.",he deserved,True,3
,natethemeh.bsky.social,at://did:plc:xtb3sifikv4lesejrsmmb4hx/app.bsky.feed.post/3lyng4b6mp22h,"I was sad when Robin Williams died. 

I was sad when Stan Lee died. 

I was sad when my grandparents died. 

Im not going to be sad about someone who believed the exact opposite of my beliefs. But that doesn't mean he deserved this. Especially when people hate me for being ""left"", for being me.",he deserved,True,5
,darkest-corvid.bsky.social,at://did:plc:i245qcy36ezswhqs257jvldn/app.bsky.feed.post/3lxeo2nzsbk2v,"·Ö†·Ö†

   ""I know, none of you have. It just makes me so- so mad in retrospect.""

¬∞‚Ä¢He pinches the bridge of his nose, then shakes his head in disappointment with himself‚Ä¢¬∞

   ""None of you deserved that. You shouldn't have even had to step in.""

[+]",he deserved,True,5
,patndave4919.bsky.social,at://did:plc:qbvdpgvwfmw6f6thqkdbz454/app.bsky.feed.post/3lwgjt5btb224,A felony charge was excessive. But he deserved a night in the drunk tank. His conduct towards officers that were showing professional demeanor was conduct unbecoming.,he deserved,True,5
,yabamena.bsky.social,at://did:plc:ouym5sbij76ugx2h7tp34quq/app.bsky.feed.post/3lvoh5mwths2y,"LOOOOOL, I'm sure he deserved it!",he deserved,True,3
,fenbeast.bsky.social,at://did:plc:b4j6ie4jjmuxchrf37emi4y5/app.bsky.feed.post/3lwrnl3njk224,"My version of a Christmas classic.

*ahem*

Jolly Old St Nicholas
Beat Arius senseless
Using only fisticuffs
The Bishop was defenseless
He deserved just what he got 
His teachings were just bullshit
Jesus is the same as God
And that's all there is to it.",he deserved,True,5
,coyote.band,at://did:plc:gyxmfluwk6uqvr6v3tpjgvmi/app.bsky.feed.post/3lylc44aaek2l,"FWIW I already saw some far-right freak say he deserved it for being ""a j*w larper,"" whatever the hell that means",he deserved,True,5
,komigomi.bsky.social,at://did:plc:epif4rcxfkmzlyetd2ibegpz/app.bsky.feed.post/3lydjt6nibs2o,"lol omg I didn‚Äôt even know that he def deserved that lol
I was js saying that bc he‚Äôs under sm heat rn bc of his prison phone call which‚Ä¶ lwk‚Ä¶ dude was playing with fire long before this convo happened anyhow‚Ä¶ he might get himself in huge trouble soon‚Ä¶",he deserved,True,5
,emilythepink.bsky.social,at://did:plc:daf7djeiixndfqlc3dx4axtc/app.bsky.feed.post/3lyjepoxd5m2w,"Charlie Kirk got to have the day he deserved. 

He said that mass shootings were the cost of having a second amendment, and he was perfectly fine with that cost. That having a gun was a god given right.",he deserved,True,5
,chelittle.bsky.social,at://did:plc:zvmpvzzi5yohy7g3rr7phyai/app.bsky.feed.post/3lyjf44oiok2m,Exactly yes they are as a matter of fact they're not even going to mention the f****** school shooting today all they're going to talk about is their little Nazi propagandist who got exactly what he f****** deserved. One Dead Nazi down more to come,he deserved,True,5
,doctorwaddledee.bsky.social,at://did:plc:e3b26ofu35waqfg2omslootg/app.bsky.feed.post/3lv2grxaukc2v,"And this is why Del Toro deserved to do a 3rd Hellboy film.

HE KNOWS WHAT THE FUCK HE IS DOING!

Also A.I. aint the future and thats a fact! ;)",he deserved,True,5
,naptowndan.bsky.social,at://did:plc:q2so6tcxdhgoukp55skyfvjo/app.bsky.feed.post/3lvny742rq22j,Triple fuck this cunt. He thinks the Japanese all should all deserved to be interred in WWI. Youth pastor my ass. I‚Äôll throw hands if I see him. Evil Seth Macfarlane looking piece of shit.,he deserved,True,5
,voltflaire.bsky.social,at://did:plc:b5p4fhiroju7i3inoh6qw6eb/app.bsky.feed.post/3lyjptfvd3c2x,"He deserved it. And his frequent statements to the press about how public shootings (including school shootings) are worth it to have gun rights ... Well, that just makes it the most poetically just way for him to finally make the world a better place by leaving it.",he deserved,True,5
,rosedees.bsky.social,at://did:plc:ljkdjsfnhemesnn6lkvep4l3/app.bsky.feed.post/3lvthjtuhak2a,Me in dragon age veilgaurd getting my qunari transbian to date the dwarf (the first time in the series; even though the series was throwing charming dwarf girls at my dragon age characters constantly.)  my inquisitor deserved it for all that flirting - maybe thats why she tookt he chance on my rook?,he deserved,True,5
,volcanicsand.bsky.social,at://did:plc:vfgha7sp6tplvpqeuga3nzwc/app.bsky.feed.post/3ly6jmjkpwk2l,Yes he's terrible yes the defenestration deserved but I think it is a generally accepted figurative use of the term,deserved it,True,3
,axelspizzas.bsky.social,at://did:plc:66cvlwcjnil6prkm4bs2emco/app.bsky.feed.post/3lvtk2qliu22l,Zhukov got what he deserved: being tossed aside by Khrushchev ‚Äúlike a squeezed lemon‚Äù.,he deserved,True,5
,shitdisfuck.bsky.social,at://did:plc:f26e6wuouhvxymqnozxpqvaw/app.bsky.feed.post/3lyjs7b5ksc27,Maybe you should try harder. His kids don't need a father that's going to indoctrinate them into his racist ideology. Chucky got exactly what he deserved.,he deserved,True,5
,kpro.bsky.social,at://did:plc:me7melzljxvyoaajeir64egu/app.bsky.feed.post/3lxzdfgsy4s2g,Coworker quit today with no notice and has the office scrambling to cover his position and honestly‚Ä¶ good for him. Management treated him like crap. He deserved better,he deserved,True,5
,timetostandupnow.bsky.social,at://did:plc:emv7jdhwvr24vjpt4ybsmgkz/app.bsky.feed.post/3lwf2jiylik22,"WHAT A PATHETIC FOOL!  (Norwegian Business Daily)

When Trump called Norway's finance minister last month to discuss trade tariffs, he also asked about the Nobel Peace Prize.
 
He said he deserved the Norwegian-bestowed accolade that four White House predecessors gave him.",he deserved,True,5
,joelwing.bsky.social,at://did:plc:2f6dp7vhgeyyprjkga2ds3os/app.bsky.feed.post/3luvnbg7wzs2i,#Iraq Jul 26 1956 Nasser nationalized Suez Canal Company PM Said Prince Ilah King Faisal II in London dining with PM Eden Said said Nasser would be hit hard and he deserved it musingsoniraq.blogspot.com/p/iraqi-hist...,he deserved,True,5
,jdplaysmoth.bsky.social,at://did:plc:icd435k2apwmhfgw2pfdrmoq/app.bsky.feed.post/3lyiyhhhqik2w,"Yeah, I guess, maybe deep down I was hoping I wasn't as desensitized to violence as I am.

He absolutely deserves it though, when you cause that much harm, this kind of thing is, just the deserved result",he deserved,True,5
,gqueercatboy.bsky.social,at://did:plc:475pbecahznxwpkrbrxqr32c/app.bsky.feed.post/3lxsqacbxjk2n,"I'm so deeply fucking upset about Graham Greene. Idk I don't wanna get into it, because I'm trying not to cry lmao, but. It fucking sucks and he deserved another 20 years.",he deserved,True,5
,localdudefromma.bsky.social,at://did:plc:tdvd7gf6jk2otbcutvdmbhha/app.bsky.feed.post/3lvaeca2hn22f,Don‚Äôt know where this is or who that was but he must have deserved it judging by the comments.,he deserved,True,5
,1ewsmith.bsky.social,at://did:plc:bzuk5nq5fq5dm6fllgm5nnwg/app.bsky.feed.post/3lwxndbhuoc22,"Sorry he lived so long. He deserved to die a painful death on December 18, 2012. This is why I am an atheist. If there is a god, it is not a just god, and I want no part of any religion that worships such a big jerk.",he deserved,True,5
,kitchegoldwatt.bsky.social,at://did:plc:mlc7qtiaccbcyqs4mn2x5ive/app.bsky.feed.post/3lvixx2z2w22f,"‚ÄîI wish more than anything I could have given him the long life he deserved. We loved him so much, and all I could think of while receiving the news was

‚ÄúYou deserved so much more.‚Äù

Even in his state, when I found him, he started purring. I don‚Äôt think anything describes him quite as well.",he deserved,True,5
,thicclover26.bsky.social,at://did:plc:dddimujia3fe5w5fcjuwglo2/app.bsky.feed.post/3lyebue3mds2d,@marvinlad2.bsky.social OMG! HAPPY BIRTHDAY!!! üéÇ ü•≥ üéâ ‚ú®Ô∏èüéÜ I HOPE YOU ARE ENJOYING YOUR DAY AND YOUR LIFE WILL FINALLY GIVE YOU A FUCKING BREAK BECAUSE YOU DESERVED IT! Also HAPPY BIRTHDAY Sody Pop! He's 11 now! Just 2 more years now! I really want Teenage Sody Pop!,deserved it,True,7
,bhcrafts.bsky.social,at://did:plc:a36kl4mkyhfdt42qroay67x5/app.bsky.feed.post/3lyjcdg23zs2t,he certainly didn't feel bad for anyone who actually deserved sympathy,he deserved,True,3
,ghostofgroucho.bsky.social,at://did:plc:qavaou3n534ci4rocdbk6lai/app.bsky.feed.post/3lw7kru4qjs2v,"As a teen growing up in the 80's we all heard about the lawsuit and we knew he won. The fact he won implies he got the credit he deserved. 

Oh well, loose lips sink ships...and successfully won settlements. 

Seems like in the end, Huey won but ultimately lost.",he deserved,True,3
,proudcanadian151.bsky.social,at://did:plc:rnfk3v6ruwptcllk6ncuq4mr/app.bsky.feed.post/3lxezfema2s2k,It was also PM Trudeau that asked Canadians to buy Canadian to support our economy and people listened. He never got the credit he deserved.,he deserved,True,5
,mr-tiaa.bsky.social,at://did:plc:fxbiuzooxhpt3qxjy5vq6pht/app.bsky.feed.post/3lx4atlit5c2h,Kaeya did such a great job playing attorney during the last interlude he deserved these vacations!! the drawing is super cute btw haha,he deserved,True,5
,makeitunclear.bsky.social,at://did:plc:osehihjab6fcsbnbjscflsnn/app.bsky.feed.post/3lwttoaln5227,shooting a ref because copilot convinced him he deserved a 5th down,he deserved,True,3
,smithy4freedom.bsky.social,at://did:plc:b7tdhvxyai775z5o37btfgry/app.bsky.feed.post/3lylq6olspk2p,"Fucker deserved what he got!
Nasty-asses little fascist!",he deserved,True,5
,klingonhousing.bsky.social,at://did:plc:xed7mcfu3jthyckesuvwm5ey/app.bsky.feed.post/3lyqmmrdon22t,It was so good! I was glad he got to reprise the role (briefly) in Arrow but that show deserved more.,he deserved,True,5
,alexschoenborn.bsky.social,at://did:plc:4kg7blgtzd76ehd5fmh65hii/app.bsky.feed.post/3lvmp6y3bgs2a,He probably deserved it,he deserved,True,3
,theherooftomorrow.bsky.social,at://did:plc:mmmwsn64anqfv7pnwwjvo33s/app.bsky.feed.post/3lv3bv3rmtc2t,"stubby little legs and stick (ooh, scary) it's just got really obnoxious dialogue.  

A bad slasher movie is one thing, but this movie is bad AT being a slasher movie.  Fun fact: the guy who played the demon also played Howard the Duck in the live-action movie, and he deserved better. 4/10.",he deserved,True,3
,camvogt.bsky.social,at://did:plc:gjfffonvo23d3qretednf26a/app.bsky.feed.post/3lxiezixch226,This is offensive to me as a tax paying law abiding citizen. Watching insurrectionists get payouts for trying to overthrow the government is galling. She got exactly what they all deserved if Trump wasn‚Äôt behind it he‚Äôd have called in the national guard and we‚Äôd have seen bodies dropping.,deserved it,True,5
,amphis-baena.bsky.social,at://did:plc:a4flszoglzsdh4gbdcfelxba/app.bsky.feed.post/3lvbyel2nh224,"It's sociopathic.  He wants to persuade people they deserved to be cheated, to thank him for cheating them, just before he cheats them again.",he deserved,True,5
,jaronbora.bsky.social,at://did:plc:6aqizsptlbept2iqbxbzwpii/app.bsky.feed.post/3lwhk4o2vjs2e,"It's really interesting to see how Anton Schiffer engages with cycling outside of training. Looks like a very well-deserved contract for him, as much as he deals with cycling and analyses watt values and performances from a professional point of view. 

More on strava: strava.app.link/ULUIPv7mRVb",he deserved,True,3
,floral-blood.bsky.social,at://did:plc:mkgvc3rbnsscvg4buykco7sk/app.bsky.feed.post/3lycbl2bhak2x,"deserved a lot more screen time. He was probably what influenced me to love crazy. (I mean so did my fucked up childhood.) Anyways. I know a lot of us think this guy is sexy af. And I absolutely WOULD. 

üòÅ",he deserved,True,5
,thebetterjd.bsky.social,at://did:plc:yhcfxvhxjb6jxbuer6gws6y5/app.bsky.feed.post/3lylifnhtvk2i,You see our perspective is he fanned the flames of political violence and got burned. We don‚Äôt think he deserved to die. We just think it‚Äôs crazy that his last words were downplaying gun violence. It‚Äôs just for every aspect of this tragedy. There is a quote of his that makes it profoundly ironic.,he deserved,True,5
,recalfeinated.bsky.social,at://did:plc:rsmvh6lqeg2mnmwemeubdtqw/app.bsky.feed.post/3lyjn643vj222,"Counterpoint: He made the world quantitatively worse and was a scumfucking piece of shit. Yes he deserved to die and I hope he burns in hell. Cry about it, the fascist fucks have been trying to kill us for years and no amount of politeness or magic weasel words will make them stop. That's lib brain.",he deserved,True,5
,katherineveganista.bsky.social,at://did:plc:fjuzt7f465pytfxnulc7z4n2/app.bsky.feed.post/3lyjsjk3gwc2b,"I'm already tired of every politician saying what a tragedy this is, and how there's no place for political violence. Blah blah, boo hoo. Kirk was vile, despicable, and got exactly what he deserved. He was spouting hateful rhetoric right before being popped. FAFO.",he deserved,True,5
,dianeh5.bsky.social,at://did:plc:tinufd3xi7cgotmojjcz77ea/app.bsky.feed.post/3ly3v53r2t22c,"The New Yorker magazine invited influencer Hasan Piker to headline an upcoming event ‚Äî despite his vile history of calling Israelis ‚Äúinbred‚Äù and that America ‚Äúdeserved 9/11.‚Äù 
He also said, it doesn't matter if rapes happened on 10/7!",he deserved,True,5
,linneaharts.bsky.social,at://did:plc:dze6ev7hmfekqgafrejdkup2/app.bsky.feed.post/3lv4ujl7mm22k,"4th!

You got this.

My goal for my double header was to roll with stuff and keep my shit together and I mostly did, except yelling at this one guy who kept on paddling the opposite of stroke when we were turning. He deserved it",he deserved,True,3
,acegalaxy.bsky.social,at://did:plc:kdtya4h2nctwgtkifqy3to4r/app.bsky.feed.post/3lync5xwpfc2c,It just makes me more worried for Shigeki Yanagi honestly. I love them all but he feels like the most alone in all this. He was trying to care for & was deeply involved in trying to help Wada. Then not hearing from Hiroaki (who must also be going through it).... :( None of them deserved any of this.,he deserved,True,3
,loverdomnai.bsky.social,at://did:plc:dvnpfzjmicrihvc5lpx64cbz/app.bsky.feed.post/3lvk7vmpons2y,"This is perfect!  I doubt he'd be able to unlock the door or turn the lights on after he cools out, internally berating himself because maybe he deserved this..  self-doubt gnawing through, something he hadn't felt in forever.

Gaahh,I love the visuals!üíú",he deserved,True,5
,legojames.bsky.social,at://did:plc:g2ul72lqlekj6rrvreojsak2/app.bsky.feed.post/3lyjk5ookpk2o,She stopped just short of saying that Charlie deserved it.,deserved it,True,5
,hollyoheare.bsky.social,at://did:plc:hxlkfnhvkkejumc4orwd6pye/app.bsky.feed.post/3lvnv5puv322o,"www.independent.co.uk/news/world/a...

They were brutal, and he deserved it! 
(video too!) ü§°üòÜ",he deserved,True,3
,janegoodallcan.bsky.social,at://did:plc:nk5aoheyeari5c4yonftanoy/app.bsky.feed.post/3lwgwdgrwvk2v,"The veterinarians and caregivers at Tchimpounga worked hard to save his life and give him the second chance he deserved. üêµ

This once-anxious chimpanzee has become an outgoing, energetic, playful character ‚Äì spending his days with his friends, exploring the nearby forest with carefree abandon.",he deserved,True,5
,eljajlorbs.bsky.social,at://did:plc:kqmzrxgu3i553vluwacz36fr/app.bsky.feed.post/3lydqxjf4uk2y,Romney didnt even seem to believe that! in his memoir he almost seemed to believe that he deserved to lose for his conduct in that campaign. he's an interesting guy!,he deserved,True,5
,ripleynyx.bsky.social,at://did:plc:3wwscs5l4asciaireqcgenms/app.bsky.feed.post/3lxwbgyhumc2o,"Mustadio deserved what he got here.

#Blutoid

youtu.be/eLsE29xvfpY?...",he deserved,True,5
,fwordleproblems.bsky.social,at://did:plc:jbjqcvzcivnyxms2gyljycf2/app.bsky.feed.post/3lwtnxk6nfs2r,"Especially because he's also really talking about himself, personally. Like it's clear he KNEW just how terrible the things he'd done were. That he deserved whatever he got. It's dark, really!",he deserved,True,5
,speakingtruth24.bsky.social,at://did:plc:wrgcp6fapwbc5kggs5vjcris/app.bsky.feed.post/3lyny7ic3uk2l,"And so be clear, if he did say those things, you believe he deserved to be assassinated?",he deserved,True,3
,michaeljgolub.bsky.social,at://did:plc:t6shp5pcuvetz62fjiixbqt3/app.bsky.feed.post/3lyrtmvqt422v,"When will Democrats introduce the Charlie Kirk Gun Violence Reduction Act?  It won't pass this Congress, but it WILL put Republican lawmakers in a well-deserved bind ahead of the 2026 midterms.  #GunViolence #GunReform",Charlie Kirk,True,5
,valentiny.bsky.social,at://did:plc:23yiaw23p6j4toay33qd654x/app.bsky.feed.post/3lyjabp4bos2p,that fascist bigot deserved a lot worse than he got frankly,he deserved,True,5
,hackermanhm.bsky.social,at://did:plc:66wosuvdsrvkpi4lvi7uba3t/app.bsky.feed.post/3lwvldbctw22k,that's how they brought the murder rate down so much: they decided he deserved it,he deserved,True,5
,big-steppa.bsky.social,at://did:plc:iqfdqthkrvhigvy2hht3hprz/app.bsky.feed.post/3lykzducm4k2r,"He deserved worse lmao 

God told him to shut the fuck up and he did. End of story",he deserved,True,5
,iamelyse.bsky.social,at://did:plc:7y4r6t3vgvzl62mwicziqr7v/app.bsky.feed.post/3lyizygftek2e,You‚Äôre welcome love! Yes he got exactly what he deserved,he deserved,True,5
,nikkiwhat.bsky.social,at://did:plc:tydnsg6aw66k7zo4pr5vqmam/app.bsky.feed.post/3lx5uf63quk2u,"I remarked he had beautiful eyes, he said he my eyebrows deserved to be in a ranking. I told him they're like the big fuzzy caterpillars you see sometimes and he laughed and agreed",he deserved,True,5
,leloupgawoo.bsky.social,at://did:plc:cdmgeuexxmblxwxvt35o7mcj/app.bsky.feed.post/3lwpz5ljidb23,"out with a woman in tow. That was when he had started drinking tequila whenever Ale would abscond with different women. Always without the traditional salt and limon. He needed to feel the burn, deserved it for wanting more from his best friend.

He would never get drunk again, fearing his past",he deserved,True,5
